prNumber ,model                         ,iAttempt ,stop                                         
20119,gpt-4o                        ,1,0
20119,gpt-4o                        ,2,0
20119,gpt-4o                        ,3,0
20119,gpt-4o                        ,4,0
20119,gpt-4o                        ,5,0
20119,llama-3.3-70b-versatile       ,1,0
20119,llama-3.3-70b-versatile       ,2,0
20119,llama-3.3-70b-versatile       ,3,0
20119,llama-3.3-70b-versatile       ,4,0
20119,llama-3.3-70b-versatile       ,5,0
20119,deepseek-r1-distill-llama-70b ,1,0
20119,deepseek-r1-distill-llama-70b ,2,0
20119,deepseek-r1-distill-llama-70b ,3,0
20119,deepseek-r1-distill-llama-70b ,4,0
20119,deepseek-r1-distill-llama-70b ,5,0
20113,gpt-4o                        ,1,1
20113,llama-3.3-70b-versatile       ,1,0
20113,llama-3.3-70b-versatile       ,2,0
20113,llama-3.3-70b-versatile       ,3,0
20113,llama-3.3-70b-versatile       ,4,0
20113,llama-3.3-70b-versatile       ,5,0
20113,deepseek-r1-distill-llama-70b ,1,0
20113,deepseek-r1-distill-llama-70b ,2,0
20113,deepseek-r1-distill-llama-70b ,3,1
20101,gpt-4o                        ,1,0
20101,gpt-4o                        ,2,0
20101,gpt-4o                        ,3,0
20101,gpt-4o                        ,4,0
20101,gpt-4o                        ,5,0
20101,llama-3.3-70b-versatile       ,1,0
20101,llama-3.3-70b-versatile       ,2,0
20101,llama-3.3-70b-versatile       ,3,0
20101,llama-3.3-70b-versatile       ,4,0
20101,llama-3.3-70b-versatile       ,5,0
20101,deepseek-r1-distill-llama-70b ,1,Failed to apply patch                        
20101,deepseek-r1-distill-llama-70b ,2,Failed to apply patch                        
20101,deepseek-r1-distill-llama-70b ,3,0
20101,deepseek-r1-distill-llama-70b ,4,0
20101,deepseek-r1-distill-llama-70b ,5,0
20063,gpt-4o                        ,1,0
20063,gpt-4o                        ,2,0
20063,gpt-4o                        ,3,0
20063,gpt-4o                        ,4,0
20063,gpt-4o                        ,5,0
20063,llama-3.3-70b-versatile       ,1,0
20063,llama-3.3-70b-versatile       ,2,0
20063,llama-3.3-70b-versatile       ,3,0
20063,llama-3.3-70b-versatile       ,4,0
20063,llama-3.3-70b-versatile       ,5,0
20063,deepseek-r1-distill-llama-70b ,1,0
20063,deepseek-r1-distill-llama-70b ,2,0
20063,deepseek-r1-distill-llama-70b ,3,0
20063,deepseek-r1-distill-llama-70b ,4,0
20063,deepseek-r1-distill-llama-70b ,5,0
19972,gpt-4o                        ,1,0
19972,gpt-4o                        ,2,0
19972,gpt-4o                        ,3,0
19972,gpt-4o                        ,4,0
19972,gpt-4o                        ,5,0
19972,llama-3.3-70b-versatile       ,1,0
19972,llama-3.3-70b-versatile       ,2,0
19972,llama-3.3-70b-versatile       ,3,0
19972,llama-3.3-70b-versatile       ,4,0
19972,llama-3.3-70b-versatile       ,5,0
19972,deepseek-r1-distill-llama-70b ,1,0
19972,deepseek-r1-distill-llama-70b ,2,0
19972,deepseek-r1-distill-llama-70b ,3,0
19972,deepseek-r1-distill-llama-70b ,4,0
19972,deepseek-r1-distill-llama-70b ,5,0
19972,o3-mini                          ,1,0
19955,gpt-4o                        ,1,1
19955,llama-3.3-70b-versatile       ,1,0
19955,llama-3.3-70b-versatile       ,2,0
19955,llama-3.3-70b-versatile       ,3,0
19955,llama-3.3-70b-versatile       ,4,0
19955,llama-3.3-70b-versatile       ,5,0
19955,deepseek-r1-distill-llama-70b ,1,0
19955,deepseek-r1-distill-llama-70b ,2,0
19955,deepseek-r1-distill-llama-70b ,3,0
19955,deepseek-r1-distill-llama-70b ,4,0
19955,deepseek-r1-distill-llama-70b ,5,0
19918,gpt-4o                        ,1,0
19918,gpt-4o                        ,2,0
19918,gpt-4o                        ,3,1
19918,llama-3.3-70b-versatile       ,1,0
19918,llama-3.3-70b-versatile       ,2,0
19918,llama-3.3-70b-versatile       ,3,0
19918,llama-3.3-70b-versatile       ,4,0
19918,llama-3.3-70b-versatile       ,5,0
19918,deepseek-r1-distill-llama-70b ,1,0
19918,deepseek-r1-distill-llama-70b ,2,0
19918,deepseek-r1-distill-llama-70b ,3,0
19918,deepseek-r1-distill-llama-70b ,4,0
19918,deepseek-r1-distill-llama-70b ,5,0
19880,gpt-4o                        ,1,1
19880,llama-3.3-70b-versatile       ,1,0
19880,llama-3.3-70b-versatile       ,2,0
19880,llama-3.3-70b-versatile       ,3,0
19880,llama-3.3-70b-versatile       ,4,0
19880,llama-3.3-70b-versatile       ,5,1
19880,deepseek-r1-distill-llama-70b ,1,1
19849,gpt-4o                        ,1,0
19849,gpt-4o                        ,2,0
19849,gpt-4o                        ,3,0
19849,gpt-4o                        ,4,0
19849,gpt-4o                        ,5,0
19849,llama-3.3-70b-versatile       ,1,0
19849,llama-3.3-70b-versatile       ,2,0
19849,llama-3.3-70b-versatile       ,3,0
19849,llama-3.3-70b-versatile       ,4,0
19849,llama-3.3-70b-versatile       ,5,0
19849,deepseek-r1-distill-llama-70b ,1,0
19849,deepseek-r1-distill-llama-70b ,2,0
19849,deepseek-r1-distill-llama-70b ,3,0
19849,deepseek-r1-distill-llama-70b ,4,0
19849,deepseek-r1-distill-llama-70b ,5,0
19849,o3-mini                          ,1,0
19825,gpt-4o                        ,1,0
19825,gpt-4o                        ,2,0
19825,gpt-4o                        ,3,1
19825,llama-3.3-70b-versatile       ,1,0
19825,llama-3.3-70b-versatile       ,2,0
19825,llama-3.3-70b-versatile       ,3,1
19825,deepseek-r1-distill-llama-70b ,1,0
19825,deepseek-r1-distill-llama-70b ,2,0
19825,deepseek-r1-distill-llama-70b ,3,0
19825,deepseek-r1-distill-llama-70b ,4,0
19825,deepseek-r1-distill-llama-70b ,5,0
19804,gpt-4o                        ,1,0
19804,gpt-4o                        ,2,0
19804,gpt-4o                        ,3,0
19804,gpt-4o                        ,4,0
19804,gpt-4o                        ,5,0
19804,llama-3.3-70b-versatile       ,1,0
19804,llama-3.3-70b-versatile       ,2,0
19804,llama-3.3-70b-versatile       ,3,0
19804,llama-3.3-70b-versatile       ,4,0
19804,llama-3.3-70b-versatile       ,5,0
19804,deepseek-r1-distill-llama-70b ,1,0
19804,deepseek-r1-distill-llama-70b ,2,0
19804,deepseek-r1-distill-llama-70b ,3,0
19804,deepseek-r1-distill-llama-70b ,4,0
19804,deepseek-r1-distill-llama-70b ,5,0
19804,o3-mini                          ,1,0
19803,gpt-4o                        ,1,1
19803,llama-3.3-70b-versatile       ,1,0
19803,llama-3.3-70b-versatile       ,2,0
19803,llama-3.3-70b-versatile       ,3,0
19803,llama-3.3-70b-versatile       ,4,0
19803,llama-3.3-70b-versatile       ,5,0
19803,deepseek-r1-distill-llama-70b ,1,0
19803,deepseek-r1-distill-llama-70b ,2,0
19803,deepseek-r1-distill-llama-70b ,3,Failed to query model                        
19803,deepseek-r1-distill-llama-70b ,4,Failed to query model                        
19803,deepseek-r1-distill-llama-70b ,5,0
19797,gpt-4o                        ,1,0
19797,gpt-4o                        ,2,0
19797,gpt-4o                        ,3,0
19797,gpt-4o                        ,4,0
19797,gpt-4o                        ,5,0
19797,llama-3.3-70b-versatile       ,1,0
19797,llama-3.3-70b-versatile       ,2,0
19797,llama-3.3-70b-versatile       ,3,0
19797,llama-3.3-70b-versatile       ,4,0
19797,llama-3.3-70b-versatile       ,5,0
19797,deepseek-r1-distill-llama-70b ,1,0
19797,deepseek-r1-distill-llama-70b ,2,0
19797,deepseek-r1-distill-llama-70b ,3,0
19797,deepseek-r1-distill-llama-70b ,4,0
19797,deepseek-r1-distill-llama-70b ,5,0
19765,gpt-4o                        ,1,0
19765,gpt-4o                        ,2,0
19765,gpt-4o                        ,3,0
19765,gpt-4o                        ,4,0
19765,gpt-4o                        ,5,0
19765,llama-3.3-70b-versatile       ,1,0
19765,llama-3.3-70b-versatile       ,2,0
19765,llama-3.3-70b-versatile       ,3,0
19765,llama-3.3-70b-versatile       ,4,0
19765,llama-3.3-70b-versatile       ,5,0
19765,deepseek-r1-distill-llama-70b ,1,0
19765,deepseek-r1-distill-llama-70b ,2,0
19765,deepseek-r1-distill-llama-70b ,3,0
19765,deepseek-r1-distill-llama-70b ,4,0
19765,deepseek-r1-distill-llama-70b ,5,0
19765,o3-mini                          ,1,0
19717,gpt-4o                        ,1,0
19717,gpt-4o                        ,2,0
19717,gpt-4o                        ,3,0
19717,gpt-4o                        ,4,0
19717,gpt-4o                        ,5,0
19717,llama-3.3-70b-versatile       ,1,0
19717,llama-3.3-70b-versatile       ,2,0
19717,llama-3.3-70b-versatile       ,3,0
19717,llama-3.3-70b-versatile       ,4,0
19717,llama-3.3-70b-versatile       ,5,0
19717,deepseek-r1-distill-llama-70b ,1,0
19717,deepseek-r1-distill-llama-70b ,2,0
19717,deepseek-r1-distill-llama-70b ,3,0
19717,deepseek-r1-distill-llama-70b ,4,0
19717,deepseek-r1-distill-llama-70b ,5,0
19717,o3-mini                          ,1,0
19716,gpt-4o                        ,1,1
19716,llama-3.3-70b-versatile       ,1,1
19716,deepseek-r1-distill-llama-70b ,1,1
19716,o3-mini                          ,1,1
19696,gpt-4o                        ,1,1
19696,llama-3.3-70b-versatile       ,1,1
19696,deepseek-r1-distill-llama-70b ,1,0
19696,deepseek-r1-distill-llama-70b ,2,0
19696,deepseek-r1-distill-llama-70b ,3,0
19696,deepseek-r1-distill-llama-70b ,4,0
19696,deepseek-r1-distill-llama-70b ,5,0
19677,gpt-4o                        ,1,0
19677,gpt-4o                        ,2,0
19677,gpt-4o                        ,3,0
19677,gpt-4o                        ,4,0
19677,gpt-4o                        ,5,0
19677,llama-3.3-70b-versatile       ,1,0
19677,llama-3.3-70b-versatile       ,2,0
19677,llama-3.3-70b-versatile       ,3,0
19677,llama-3.3-70b-versatile       ,4,0
19677,llama-3.3-70b-versatile       ,5,0
19677,deepseek-r1-distill-llama-70b ,1,0
19677,deepseek-r1-distill-llama-70b ,2,0
19677,deepseek-r1-distill-llama-70b ,3,0
19677,deepseek-r1-distill-llama-70b ,4,0
19677,deepseek-r1-distill-llama-70b ,5,0
19677,o3-mini                          ,1,0
19669,gpt-4o                        ,1,1
19669,llama-3.3-70b-versatile       ,1,1
19669,deepseek-r1-distill-llama-70b ,1,1
19669,o3-mini                          ,1,1
19639,gpt-4o                        ,1,1
19639,llama-3.3-70b-versatile       ,1,1
19639,deepseek-r1-distill-llama-70b ,1,1
19639,o3-mini                          ,1,1
19625,gpt-4o                        ,1,0
19625,gpt-4o                        ,2,0
19625,gpt-4o                        ,3,0
19625,gpt-4o                        ,4,0
19625,gpt-4o                        ,5,0
19625,llama-3.3-70b-versatile       ,1,0
19625,llama-3.3-70b-versatile       ,2,0
19625,llama-3.3-70b-versatile       ,3,0
19625,llama-3.3-70b-versatile       ,4,0
19625,llama-3.3-70b-versatile       ,5,0
19625,deepseek-r1-distill-llama-70b ,1,0
19625,deepseek-r1-distill-llama-70b ,2,0
19625,deepseek-r1-distill-llama-70b ,3,0
19625,deepseek-r1-distill-llama-70b ,4,0
19625,deepseek-r1-distill-llama-70b ,5,0
19625,o3-mini                          ,1,0
19613,gpt-4o                        ,1,0
19613,gpt-4o                        ,2,0
19613,gpt-4o                        ,3,0
19613,gpt-4o                        ,4,0
19613,gpt-4o                        ,5,0
19613,llama-3.3-70b-versatile       ,1,0
19613,llama-3.3-70b-versatile       ,2,0
19613,llama-3.3-70b-versatile       ,3,0
19613,llama-3.3-70b-versatile       ,4,0
19613,llama-3.3-70b-versatile       ,5,0
19613,deepseek-r1-distill-llama-70b ,1,0
19613,deepseek-r1-distill-llama-70b ,2,0
19613,deepseek-r1-distill-llama-70b ,3,0
19613,deepseek-r1-distill-llama-70b ,4,0
19613,deepseek-r1-distill-llama-70b ,5,0
19613,o3-mini                          ,1,0
19562,gpt-4o                        ,1,Failed to apply patch                        
19562,gpt-4o                        ,2,Failed to apply patch                        
19562,gpt-4o                        ,3,Failed to apply patch                        
19562,gpt-4o                        ,4,Failed to apply patch                        
19562,gpt-4o                        ,5,Failed to apply patch                        
19562,llama-3.3-70b-versatile       ,1,0
19562,llama-3.3-70b-versatile       ,2,Failed to apply patch                        
19562,llama-3.3-70b-versatile       ,3,Failed to apply patch                        
19562,llama-3.3-70b-versatile       ,4,Failed to apply patch                        
19562,llama-3.3-70b-versatile       ,5,Failed to apply patch                        
19562,deepseek-r1-distill-llama-70b ,1,Failed to apply patch                        
19562,deepseek-r1-distill-llama-70b ,2,Failed to apply patch                        
19562,deepseek-r1-distill-llama-70b ,3,Failed to apply patch                        
19562,deepseek-r1-distill-llama-70b ,4,Failed to apply patch                        
19562,deepseek-r1-distill-llama-70b ,5,Failed to apply patch                        
19555,gpt-4o                        ,1,1
19555,llama-3.3-70b-versatile       ,1,0
19555,llama-3.3-70b-versatile       ,2,0
19555,llama-3.3-70b-versatile       ,3,0
19555,llama-3.3-70b-versatile       ,4,1
19555,deepseek-r1-distill-llama-70b ,1,0
19555,deepseek-r1-distill-llama-70b ,2,0
19555,deepseek-r1-distill-llama-70b ,3,0
19555,deepseek-r1-distill-llama-70b ,4,0
19555,deepseek-r1-distill-llama-70b ,5,0
19533,gpt-4o                        ,1,0
19533,gpt-4o                        ,2,0
19533,gpt-4o                        ,3,0
19533,gpt-4o                        ,4,0
19533,gpt-4o                        ,5,0
19533,llama-3.3-70b-versatile       ,1,0
19533,llama-3.3-70b-versatile       ,2,0
19533,llama-3.3-70b-versatile       ,3,0
19533,llama-3.3-70b-versatile       ,4,0
19533,llama-3.3-70b-versatile       ,5,0
19533,deepseek-r1-distill-llama-70b ,1,0
19533,deepseek-r1-distill-llama-70b ,2,0
19533,deepseek-r1-distill-llama-70b ,3,0
19533,deepseek-r1-distill-llama-70b ,4,0
19533,deepseek-r1-distill-llama-70b ,5,0
19533,o3-mini                          ,1,0
19513,gpt-4o                        ,1,0
19513,gpt-4o                        ,2,0
19513,gpt-4o                        ,3,0
19513,gpt-4o                        ,4,0
19513,gpt-4o                        ,5,0
19513,llama-3.3-70b-versatile       ,1,0
19513,llama-3.3-70b-versatile       ,2,0
19513,llama-3.3-70b-versatile       ,3,0
19513,llama-3.3-70b-versatile       ,4,0
19513,llama-3.3-70b-versatile       ,5,0
19513,deepseek-r1-distill-llama-70b ,1,0
19513,deepseek-r1-distill-llama-70b ,2,0
19513,deepseek-r1-distill-llama-70b ,3,0
19513,deepseek-r1-distill-llama-70b ,4,0
19513,deepseek-r1-distill-llama-70b ,5,0
19513,o3-mini                          ,1,0
19495,gpt-4o                        ,1,0
19495,gpt-4o                        ,2,0
19495,gpt-4o                        ,3,0
19495,gpt-4o                        ,4,0
19495,gpt-4o                        ,5,0
19495,llama-3.3-70b-versatile       ,1,0
19495,llama-3.3-70b-versatile       ,2,0
19495,llama-3.3-70b-versatile       ,3,0
19495,llama-3.3-70b-versatile       ,4,0
19495,llama-3.3-70b-versatile       ,5,0
19495,deepseek-r1-distill-llama-70b ,1,0
19495,deepseek-r1-distill-llama-70b ,2,0
19495,deepseek-r1-distill-llama-70b ,3,0
19495,deepseek-r1-distill-llama-70b ,4,0
19495,deepseek-r1-distill-llama-70b ,5,0
19495,o3-mini                          ,1,0
19427,gpt-4o                        ,1,Failed to apply patch                        
19427,gpt-4o                        ,2,Failed to apply patch                        
19427,gpt-4o                        ,3,Failed to apply patch                        
19427,gpt-4o                        ,4,Failed to apply patch                        
19427,gpt-4o                        ,5,Failed to apply patch                        
19427,llama-3.3-70b-versatile       ,1,Failed to apply patch                        
19427,llama-3.3-70b-versatile       ,2,Failed to apply patch                        
19427,llama-3.3-70b-versatile       ,3,Failed to apply patch                        
19427,llama-3.3-70b-versatile       ,4,Failed to apply patch                        
19427,llama-3.3-70b-versatile       ,5,Failed to apply patch                        
19427,deepseek-r1-distill-llama-70b ,1,Failed to apply patch                        
19427,deepseek-r1-distill-llama-70b ,2,Failed to apply patch                        
19427,deepseek-r1-distill-llama-70b ,3,Failed to apply patch                        
19427,deepseek-r1-distill-llama-70b ,4,Failed to apply patch                        
19427,deepseek-r1-distill-llama-70b ,5,Failed to apply patch                        
19427,o3-mini                          ,1,Failed to apply patch                        
19390,gpt-4o                        ,1,0
19390,gpt-4o                        ,2,0
19390,gpt-4o                        ,3,1
19390,llama-3.3-70b-versatile       ,1,0
19390,llama-3.3-70b-versatile       ,2,0
19390,llama-3.3-70b-versatile       ,3,0
19390,llama-3.3-70b-versatile       ,4,0
19390,llama-3.3-70b-versatile       ,5,0
19390,deepseek-r1-distill-llama-70b ,1,0
19390,deepseek-r1-distill-llama-70b ,2,0
19390,deepseek-r1-distill-llama-70b ,3,0
19390,deepseek-r1-distill-llama-70b ,4,0
19390,deepseek-r1-distill-llama-70b ,5,0
19368,gpt-4o                        ,1,0
19368,gpt-4o                        ,2,0
19368,gpt-4o                        ,3,0
19368,gpt-4o                        ,4,0
19368,gpt-4o                        ,5,0
19368,llama-3.3-70b-versatile       ,1,0
19368,llama-3.3-70b-versatile       ,2,0
19368,llama-3.3-70b-versatile       ,3,0
19368,llama-3.3-70b-versatile       ,4,0
19368,llama-3.3-70b-versatile       ,5,0
19368,deepseek-r1-distill-llama-70b ,1,0
19368,deepseek-r1-distill-llama-70b ,2,0
19368,deepseek-r1-distill-llama-70b ,3,0
19368,deepseek-r1-distill-llama-70b ,4,0
19368,deepseek-r1-distill-llama-70b ,5,0
19368,o3-mini                          ,1,0
19361,gpt-4o                        ,1,0
19361,gpt-4o                        ,2,0
19361,gpt-4o                        ,3,0
19361,gpt-4o                        ,4,0
19361,gpt-4o                        ,5,0
19361,llama-3.3-70b-versatile       ,1,0
19361,llama-3.3-70b-versatile       ,2,0
19361,llama-3.3-70b-versatile       ,3,0
19361,llama-3.3-70b-versatile       ,4,0
19361,llama-3.3-70b-versatile       ,5,0
19361,deepseek-r1-distill-llama-70b ,1,0
19361,deepseek-r1-distill-llama-70b ,2,0
19361,deepseek-r1-distill-llama-70b ,3,0
19361,deepseek-r1-distill-llama-70b ,4,0
19361,deepseek-r1-distill-llama-70b ,5,0
19361,o3-mini                          ,1,0
19356,gpt-4o                        ,1,1
19356,llama-3.3-70b-versatile       ,1,1
19356,deepseek-r1-distill-llama-70b ,1,1
19356,o3-mini                          ,1,1
19340,gpt-4o                        ,1,0
19340,gpt-4o                        ,2,0
19340,gpt-4o                        ,3,0
19340,gpt-4o                        ,4,0
19340,gpt-4o                        ,5,0
19340,llama-3.3-70b-versatile       ,1,0
19340,llama-3.3-70b-versatile       ,2,0
19340,llama-3.3-70b-versatile       ,3,0
19340,llama-3.3-70b-versatile       ,4,0
19340,llama-3.3-70b-versatile       ,5,0
19340,deepseek-r1-distill-llama-70b ,1,0
19340,deepseek-r1-distill-llama-70b ,2,0
19340,deepseek-r1-distill-llama-70b ,3,0
19340,deepseek-r1-distill-llama-70b ,4,0
19340,deepseek-r1-distill-llama-70b ,5,0
19340,o3-mini                          ,1,0
19327,gpt-4o                        ,1,0
19327,gpt-4o                        ,2,0
19327,gpt-4o                        ,3,0
19327,gpt-4o                        ,4,0
19327,gpt-4o                        ,5,0
19327,llama-3.3-70b-versatile       ,1,0
19327,llama-3.3-70b-versatile       ,2,0
19327,llama-3.3-70b-versatile       ,3,0
19327,llama-3.3-70b-versatile       ,4,0
19327,llama-3.3-70b-versatile       ,5,0
19327,deepseek-r1-distill-llama-70b ,1,0
19327,deepseek-r1-distill-llama-70b ,2,0
19327,deepseek-r1-distill-llama-70b ,3,0
19327,deepseek-r1-distill-llama-70b ,4,0
19327,deepseek-r1-distill-llama-70b ,5,0
19327,o3-mini                          ,1,0
19321,gpt-4o                        ,1,0
19321,gpt-4o                        ,2,0
19321,gpt-4o                        ,3,0
19321,gpt-4o                        ,4,0
19321,gpt-4o                        ,5,0
19321,llama-3.3-70b-versatile       ,1,0
19321,llama-3.3-70b-versatile       ,2,0
19321,llama-3.3-70b-versatile       ,3,0
19321,llama-3.3-70b-versatile       ,4,0
19321,llama-3.3-70b-versatile       ,5,0
19321,deepseek-r1-distill-llama-70b ,1,0
19321,deepseek-r1-distill-llama-70b ,2,0
19321,deepseek-r1-distill-llama-70b ,3,0
19321,deepseek-r1-distill-llama-70b ,4,0
19321,deepseek-r1-distill-llama-70b ,5,0
19321,o3-mini                          ,1,0
19305,gpt-4o                        ,1,0
19305,gpt-4o                        ,2,0
19305,gpt-4o                        ,3,0
19305,gpt-4o                        ,4,0
19305,gpt-4o                        ,5,0
19305,llama-3.3-70b-versatile       ,1,0
19305,llama-3.3-70b-versatile       ,2,0
19305,llama-3.3-70b-versatile       ,3,0
19305,llama-3.3-70b-versatile       ,4,0
19305,llama-3.3-70b-versatile       ,5,0
19305,deepseek-r1-distill-llama-70b ,1,0
19305,deepseek-r1-distill-llama-70b ,2,0
19305,deepseek-r1-distill-llama-70b ,3,0
19305,deepseek-r1-distill-llama-70b ,4,0
19305,deepseek-r1-distill-llama-70b ,5,0
19305,o3-mini                          ,1,0
19269,gpt-4o                        ,1,1
19269,llama-3.3-70b-versatile       ,1,0
19269,llama-3.3-70b-versatile       ,2,0
19269,llama-3.3-70b-versatile       ,3,0
19269,llama-3.3-70b-versatile       ,4,0
19269,llama-3.3-70b-versatile       ,5,0
19269,deepseek-r1-distill-llama-70b ,1,0
19269,deepseek-r1-distill-llama-70b ,2,0
19269,deepseek-r1-distill-llama-70b ,3,0
19269,deepseek-r1-distill-llama-70b ,4,0
19269,deepseek-r1-distill-llama-70b ,5,0
19262,gpt-4o                        ,1,0
19262,gpt-4o                        ,2,0
19262,gpt-4o                        ,3,0
19262,gpt-4o                        ,4,0
19262,gpt-4o                        ,5,0
19262,llama-3.3-70b-versatile       ,1,0
19262,llama-3.3-70b-versatile       ,2,0
19262,llama-3.3-70b-versatile       ,3,0
19262,llama-3.3-70b-versatile       ,4,0
19262,llama-3.3-70b-versatile       ,5,0
19262,deepseek-r1-distill-llama-70b ,1,0
19262,deepseek-r1-distill-llama-70b ,2,0
19262,deepseek-r1-distill-llama-70b ,3,0
19262,deepseek-r1-distill-llama-70b ,4,0
19262,deepseek-r1-distill-llama-70b ,5,0
19262,o3-mini                          ,1,0
19236,gpt-4o                        ,1,0
19236,gpt-4o                        ,2,0
19236,gpt-4o                        ,3,0
19236,gpt-4o                        ,4,0
19236,gpt-4o                        ,5,0
19236,llama-3.3-70b-versatile       ,1,0
19236,llama-3.3-70b-versatile       ,2,0
19236,llama-3.3-70b-versatile       ,3,0
19236,llama-3.3-70b-versatile       ,4,0
19236,llama-3.3-70b-versatile       ,5,0
19236,deepseek-r1-distill-llama-70b ,1,0
19236,deepseek-r1-distill-llama-70b ,2,0
19236,deepseek-r1-distill-llama-70b ,3,0
19236,deepseek-r1-distill-llama-70b ,4,0
19236,deepseek-r1-distill-llama-70b ,5,0
19214,gpt-4o                        ,1,Failed to apply patch                        
19214,gpt-4o                        ,2,Failed to apply patch                        
19214,gpt-4o                        ,3,Failed to apply patch                        
19214,gpt-4o                        ,4,Failed to apply patch                        
19214,gpt-4o                        ,5,Failed to apply patch                        
19214,llama-3.3-70b-versatile       ,1,Failed to apply patch                        
19214,llama-3.3-70b-versatile       ,2,Failed to apply patch                        
19214,llama-3.3-70b-versatile       ,3,Failed to apply patch                        
19214,llama-3.3-70b-versatile       ,4,Failed to apply patch                        
19214,llama-3.3-70b-versatile       ,5,Failed to apply patch                        
19214,deepseek-r1-distill-llama-70b ,1,Failed to apply patch                        
19214,deepseek-r1-distill-llama-70b ,2,Failed to apply patch                        
19214,deepseek-r1-distill-llama-70b ,3,Failed to apply patch                        
19214,deepseek-r1-distill-llama-70b ,4,Failed to apply patch                        
19214,deepseek-r1-distill-llama-70b ,5,Failed to apply patch                        
19214,o3-mini                          ,1,Failed to apply patch                        
19184,gpt-4o                        ,1,1
19184,llama-3.3-70b-versatile       ,1,0
19184,llama-3.3-70b-versatile       ,2,0
19184,llama-3.3-70b-versatile       ,3,0
19184,llama-3.3-70b-versatile       ,4,Failed to apply patch                        
19184,llama-3.3-70b-versatile       ,5,0
19184,deepseek-r1-distill-llama-70b ,1,Failed to apply patch                        
19184,deepseek-r1-distill-llama-70b ,2,Failed to apply patch                        
19184,deepseek-r1-distill-llama-70b ,3,1
19095,gpt-4o                        ,1,0
19095,gpt-4o                        ,2,0
19095,gpt-4o                        ,3,0
19095,gpt-4o                        ,4,0
19095,gpt-4o                        ,5,0
19095,llama-3.3-70b-versatile       ,1,0
19095,llama-3.3-70b-versatile       ,2,0
19095,llama-3.3-70b-versatile       ,3,0
19095,llama-3.3-70b-versatile       ,4,0
19095,llama-3.3-70b-versatile       ,5,0
19095,deepseek-r1-distill-llama-70b ,1,0
19095,deepseek-r1-distill-llama-70b ,2,0
19095,deepseek-r1-distill-llama-70b ,3,0
19095,deepseek-r1-distill-llama-70b ,4,0
19095,deepseek-r1-distill-llama-70b ,5,0
19095,o3-mini                          ,1,0
19086,gpt-4o                        ,1,0
19086,gpt-4o                        ,2,0
19086,gpt-4o                        ,3,0
19086,gpt-4o                        ,4,0
19086,gpt-4o                        ,5,0
19086,llama-3.3-70b-versatile       ,1,0
19086,llama-3.3-70b-versatile       ,2,0
19086,llama-3.3-70b-versatile       ,3,0
19086,llama-3.3-70b-versatile       ,4,0
19086,llama-3.3-70b-versatile       ,5,0
19086,deepseek-r1-distill-llama-70b ,1,0
19086,deepseek-r1-distill-llama-70b ,2,0
19086,deepseek-r1-distill-llama-70b ,3,0
19086,deepseek-r1-distill-llama-70b ,4,0
19086,deepseek-r1-distill-llama-70b ,5,0
19086,o3-mini                          ,1,0
19023,gpt-4o                        ,1,0
19023,gpt-4o                        ,2,0
19023,gpt-4o                        ,3,0
19023,gpt-4o                        ,4,0
19023,gpt-4o                        ,5,0
19023,llama-3.3-70b-versatile       ,1,0
19023,llama-3.3-70b-versatile       ,2,0
19023,llama-3.3-70b-versatile       ,3,0
19023,llama-3.3-70b-versatile       ,4,0
19023,llama-3.3-70b-versatile       ,5,0
19023,deepseek-r1-distill-llama-70b ,1,0
19023,deepseek-r1-distill-llama-70b ,2,0
19023,deepseek-r1-distill-llama-70b ,3,0
19023,deepseek-r1-distill-llama-70b ,4,0
19023,deepseek-r1-distill-llama-70b ,5,0
19023,o3-mini                          ,1,0
18974,gpt-4o                        ,1,0
18974,gpt-4o                        ,2,0
18974,gpt-4o                        ,3,0
18974,gpt-4o                        ,4,0
18974,gpt-4o                        ,5,0
18974,llama-3.3-70b-versatile       ,1,0
18974,llama-3.3-70b-versatile       ,2,0
18974,llama-3.3-70b-versatile       ,3,0
18974,llama-3.3-70b-versatile       ,4,0
18974,llama-3.3-70b-versatile       ,5,0
18974,deepseek-r1-distill-llama-70b ,1,0
18974,deepseek-r1-distill-llama-70b ,2,0
18974,deepseek-r1-distill-llama-70b ,3,0
18974,deepseek-r1-distill-llama-70b ,4,0
18974,deepseek-r1-distill-llama-70b ,5,0
18960,gpt-4o                        ,1,0
18960,gpt-4o                        ,2,0
18960,gpt-4o                        ,3,0
18960,gpt-4o                        ,4,0
18960,gpt-4o                        ,5,0
18960,llama-3.3-70b-versatile       ,1,0
18960,llama-3.3-70b-versatile       ,2,0
18960,llama-3.3-70b-versatile       ,3,0
18960,llama-3.3-70b-versatile       ,4,0
18960,llama-3.3-70b-versatile       ,5,0
18960,deepseek-r1-distill-llama-70b ,1,0
18960,deepseek-r1-distill-llama-70b ,2,0
18960,deepseek-r1-distill-llama-70b ,3,0
18960,deepseek-r1-distill-llama-70b ,4,0
18960,deepseek-r1-distill-llama-70b ,5,0
18960,o3-mini                          ,1,0
18942,gpt-4o                        ,1,0
18942,gpt-4o                        ,2,1
18942,llama-3.3-70b-versatile       ,1,0
18942,llama-3.3-70b-versatile       ,2,0
18942,llama-3.3-70b-versatile       ,3,0
18942,llama-3.3-70b-versatile       ,4,0
18942,llama-3.3-70b-versatile       ,5,0
18942,deepseek-r1-distill-llama-70b ,1,0
18942,deepseek-r1-distill-llama-70b ,2,0
18942,deepseek-r1-distill-llama-70b ,3,0
18942,deepseek-r1-distill-llama-70b ,4,0
18942,deepseek-r1-distill-llama-70b ,5,0
18910,gpt-4o                        ,1,0
18910,gpt-4o                        ,2,0
18910,gpt-4o                        ,3,1
18910,llama-3.3-70b-versatile       ,1,0
18910,llama-3.3-70b-versatile       ,2,0
18910,llama-3.3-70b-versatile       ,3,0
18910,llama-3.3-70b-versatile       ,4,0
18910,llama-3.3-70b-versatile       ,5,0
18910,deepseek-r1-distill-llama-70b ,1,0
18910,deepseek-r1-distill-llama-70b ,2,0
18910,deepseek-r1-distill-llama-70b ,3,0
18910,deepseek-r1-distill-llama-70b ,4,0
18910,deepseek-r1-distill-llama-70b ,5,0
18899,gpt-4o                        ,1,Failed to apply patch                        
18899,gpt-4o                        ,2,Failed to apply patch                        
18899,gpt-4o                        ,3,Failed to apply patch                        
18899,gpt-4o                        ,4,Failed to apply patch                        
18899,gpt-4o                        ,5,Failed to apply patch                        
18899,llama-3.3-70b-versatile       ,1,Failed to apply patch                        
18899,llama-3.3-70b-versatile       ,2,Failed to apply patch                        
18899,llama-3.3-70b-versatile       ,3,Failed to apply patch                        
18899,llama-3.3-70b-versatile       ,4,Failed to apply patch                        
18899,llama-3.3-70b-versatile       ,5,Failed to apply patch                        
18899,deepseek-r1-distill-llama-70b ,1,Failed to apply patch                        
18899,deepseek-r1-distill-llama-70b ,2,Failed to apply patch                        
18899,deepseek-r1-distill-llama-70b ,3,Failed to apply patch                        
18899,deepseek-r1-distill-llama-70b ,4,Failed to apply patch                        
18899,deepseek-r1-distill-llama-70b ,5,Failed to apply patch                        
18899,o3-mini                          ,1,Failed to apply patch                        
18895,gpt-4o                        ,1,0
18895,gpt-4o                        ,2,0
18895,gpt-4o                        ,3,0
18895,gpt-4o                        ,4,0
18895,gpt-4o                        ,5,0
18895,llama-3.3-70b-versatile       ,1,0
18895,llama-3.3-70b-versatile       ,2,0
18895,llama-3.3-70b-versatile       ,3,0
18895,llama-3.3-70b-versatile       ,4,0
18895,llama-3.3-70b-versatile       ,5,0
18895,deepseek-r1-distill-llama-70b ,1,0
18895,deepseek-r1-distill-llama-70b ,2,0
18895,deepseek-r1-distill-llama-70b ,3,0
18895,deepseek-r1-distill-llama-70b ,4,0
18895,deepseek-r1-distill-llama-70b ,5,0
18895,o3-mini                          ,1,0
18878,gpt-4o                        ,1,0
18878,gpt-4o                        ,2,0
18878,gpt-4o                        ,3,0
18878,gpt-4o                        ,4,0
18878,gpt-4o                        ,5,0
18878,llama-3.3-70b-versatile       ,1,0
18878,llama-3.3-70b-versatile       ,2,0
18878,llama-3.3-70b-versatile       ,3,0
18878,llama-3.3-70b-versatile       ,4,0
18878,llama-3.3-70b-versatile       ,5,0
18878,deepseek-r1-distill-llama-70b ,1,0
18878,deepseek-r1-distill-llama-70b ,2,0
18878,deepseek-r1-distill-llama-70b ,3,0
18878,deepseek-r1-distill-llama-70b ,4,0
18878,deepseek-r1-distill-llama-70b ,5,0
18878,o3-mini                          ,1,0
18853,gpt-4o                        ,1,0
18853,gpt-4o                        ,2,0
18853,gpt-4o                        ,3,0
18853,gpt-4o                        ,4,0
18853,gpt-4o                        ,5,0
18853,llama-3.3-70b-versatile       ,1,0
18853,llama-3.3-70b-versatile       ,2,0
18853,llama-3.3-70b-versatile       ,3,0
18853,llama-3.3-70b-versatile       ,4,0
18853,llama-3.3-70b-versatile       ,5,0
18853,deepseek-r1-distill-llama-70b ,1,0
18853,deepseek-r1-distill-llama-70b ,2,0
18853,deepseek-r1-distill-llama-70b ,3,0
18853,deepseek-r1-distill-llama-70b ,4,0
18853,deepseek-r1-distill-llama-70b ,5,0
18853,o3-mini                          ,1,0
18844,gpt-4o                        ,1,0
18844,gpt-4o                        ,2,0
18844,gpt-4o                        ,3,0
18844,gpt-4o                        ,4,0
18844,gpt-4o                        ,5,0
18844,llama-3.3-70b-versatile       ,1,0
18844,llama-3.3-70b-versatile       ,2,0
18844,llama-3.3-70b-versatile       ,3,0
18844,llama-3.3-70b-versatile       ,4,0
18844,llama-3.3-70b-versatile       ,5,0
18844,deepseek-r1-distill-llama-70b ,1,0
18844,deepseek-r1-distill-llama-70b ,2,0
18844,deepseek-r1-distill-llama-70b ,3,0
18844,deepseek-r1-distill-llama-70b ,4,0
18844,deepseek-r1-distill-llama-70b ,5,0
18824,gpt-4o                        ,1,0
18824,gpt-4o                        ,2,0
18824,gpt-4o                        ,3,0
18824,gpt-4o                        ,4,0
18824,gpt-4o                        ,5,0
18824,llama-3.3-70b-versatile       ,1,0
18824,llama-3.3-70b-versatile       ,2,0
18824,llama-3.3-70b-versatile       ,3,0
18824,llama-3.3-70b-versatile       ,4,0
18824,llama-3.3-70b-versatile       ,5,0
18824,deepseek-r1-distill-llama-70b ,1,0
18824,deepseek-r1-distill-llama-70b ,2,0
18824,deepseek-r1-distill-llama-70b ,3,0
18824,deepseek-r1-distill-llama-70b ,4,0
18824,deepseek-r1-distill-llama-70b ,5,0
18824,o3-mini                          ,1,0
18802,gpt-4o                        ,1,0
18802,gpt-4o                        ,2,0
18802,gpt-4o                        ,3,0
18802,gpt-4o                        ,4,0
18802,gpt-4o                        ,5,0
18802,llama-3.3-70b-versatile       ,1,0
18802,llama-3.3-70b-versatile       ,2,0
18802,llama-3.3-70b-versatile       ,3,0
18802,llama-3.3-70b-versatile       ,4,0
18802,llama-3.3-70b-versatile       ,5,0
18802,deepseek-r1-distill-llama-70b ,1,0
18802,deepseek-r1-distill-llama-70b ,2,0
18802,deepseek-r1-distill-llama-70b ,3,0
18802,deepseek-r1-distill-llama-70b ,4,0
18802,deepseek-r1-distill-llama-70b ,5,0
18798,gpt-4o                        ,1,0
18798,gpt-4o                        ,2,0
18798,gpt-4o                        ,3,0
18798,gpt-4o                        ,4,0
18798,gpt-4o                        ,5,0
18798,llama-3.3-70b-versatile       ,1,0
18798,llama-3.3-70b-versatile       ,2,0
18798,llama-3.3-70b-versatile       ,3,0
18798,llama-3.3-70b-versatile       ,4,0
18798,llama-3.3-70b-versatile       ,5,0
18798,deepseek-r1-distill-llama-70b ,1,0
18798,deepseek-r1-distill-llama-70b ,2,0
18798,deepseek-r1-distill-llama-70b ,3,0
18798,deepseek-r1-distill-llama-70b ,4,0
18798,deepseek-r1-distill-llama-70b ,5,0
18798,o3-mini                          ,1,0
18766,gpt-4o                        ,1,0
18766,gpt-4o                        ,2,0
18766,gpt-4o                        ,3,0
18766,gpt-4o                        ,4,0
18766,gpt-4o                        ,5,0
18766,llama-3.3-70b-versatile       ,1,0
18766,llama-3.3-70b-versatile       ,2,0
18766,llama-3.3-70b-versatile       ,3,0
18766,llama-3.3-70b-versatile       ,4,0
18766,llama-3.3-70b-versatile       ,5,0
18766,deepseek-r1-distill-llama-70b ,1,0
18766,deepseek-r1-distill-llama-70b ,2,0
18766,deepseek-r1-distill-llama-70b ,3,0
18766,deepseek-r1-distill-llama-70b ,4,0
18766,deepseek-r1-distill-llama-70b ,5,0
18766,o3-mini                          ,1,0
18760,gpt-4o                        ,1,0
18760,gpt-4o                        ,2,0
18760,gpt-4o                        ,3,0
18760,gpt-4o                        ,4,0
18760,gpt-4o                        ,5,0
18760,llama-3.3-70b-versatile       ,1,0
18760,llama-3.3-70b-versatile       ,2,0
18760,llama-3.3-70b-versatile       ,3,0
18760,llama-3.3-70b-versatile       ,4,0
18760,llama-3.3-70b-versatile       ,5,0
18760,deepseek-r1-distill-llama-70b ,1,0
18760,deepseek-r1-distill-llama-70b ,2,0
18760,deepseek-r1-distill-llama-70b ,3,0
18760,deepseek-r1-distill-llama-70b ,4,0
18760,deepseek-r1-distill-llama-70b ,5,0
18760,o3-mini                          ,1,0
18726,gpt-4o                        ,1,0
18726,gpt-4o                        ,2,0
18726,gpt-4o                        ,3,0
18726,gpt-4o                        ,4,0
18726,gpt-4o                        ,5,0
18726,llama-3.3-70b-versatile       ,1,0
18726,llama-3.3-70b-versatile       ,2,0
18726,llama-3.3-70b-versatile       ,3,0
18726,llama-3.3-70b-versatile       ,4,0
18726,llama-3.3-70b-versatile       ,5,0
18726,deepseek-r1-distill-llama-70b ,1,0
18726,deepseek-r1-distill-llama-70b ,2,0
18726,deepseek-r1-distill-llama-70b ,3,0
18726,deepseek-r1-distill-llama-70b ,4,0
18726,deepseek-r1-distill-llama-70b ,5,0
18726,o3-mini                          ,1,0
18664,gpt-4o                        ,1,0
18664,gpt-4o                        ,2,0
18664,gpt-4o                        ,3,0
18664,gpt-4o                        ,4,0
18664,gpt-4o                        ,5,0
18664,llama-3.3-70b-versatile       ,1,0
18664,llama-3.3-70b-versatile       ,2,0
18664,llama-3.3-70b-versatile       ,3,0
18664,llama-3.3-70b-versatile       ,4,0
18664,llama-3.3-70b-versatile       ,5,0
18664,deepseek-r1-distill-llama-70b ,1,0
18664,deepseek-r1-distill-llama-70b ,2,0
18664,deepseek-r1-distill-llama-70b ,3,0
18664,deepseek-r1-distill-llama-70b ,4,0
18664,deepseek-r1-distill-llama-70b ,5,0
18664,o3-mini                          ,1,0
18628,gpt-4o                        ,1,0
18628,gpt-4o                        ,2,0
18628,gpt-4o                        ,3,0
18628,gpt-4o                        ,4,0
18628,gpt-4o                        ,5,0
18628,llama-3.3-70b-versatile       ,1,0
18628,llama-3.3-70b-versatile       ,2,0
18628,llama-3.3-70b-versatile       ,3,0
18628,llama-3.3-70b-versatile       ,4,0
18628,llama-3.3-70b-versatile       ,5,0
18628,deepseek-r1-distill-llama-70b ,1,0
18628,deepseek-r1-distill-llama-70b ,2,0
18628,deepseek-r1-distill-llama-70b ,3,0
18628,deepseek-r1-distill-llama-70b ,4,0
18628,deepseek-r1-distill-llama-70b ,5,0
18628,o3-mini                          ,1,0
18496,gpt-4o                        ,1,0
18496,gpt-4o                        ,2,0
18496,gpt-4o                        ,3,0
18496,gpt-4o                        ,4,0
18496,gpt-4o                        ,5,0
18496,llama-3.3-70b-versatile       ,1,0
18496,llama-3.3-70b-versatile       ,2,0
18496,llama-3.3-70b-versatile       ,3,0
18496,llama-3.3-70b-versatile       ,4,0
18496,llama-3.3-70b-versatile       ,5,0
18496,deepseek-r1-distill-llama-70b ,1,0
18496,deepseek-r1-distill-llama-70b ,2,0
18496,deepseek-r1-distill-llama-70b ,3,0
18496,deepseek-r1-distill-llama-70b ,4,0
18496,deepseek-r1-distill-llama-70b ,5,0
18496,o3-mini                          ,1,0
18445,gpt-4o                        ,1,0
18445,gpt-4o                        ,2,0
18445,gpt-4o                        ,3,0
18445,gpt-4o                        ,4,0
18445,gpt-4o                        ,5,0
18445,llama-3.3-70b-versatile       ,1,0
18445,llama-3.3-70b-versatile       ,2,0
18445,llama-3.3-70b-versatile       ,3,0
18445,llama-3.3-70b-versatile       ,4,0
18445,llama-3.3-70b-versatile       ,5,0
18445,deepseek-r1-distill-llama-70b ,1,0
18445,deepseek-r1-distill-llama-70b ,2,0
18445,deepseek-r1-distill-llama-70b ,3,0
18445,deepseek-r1-distill-llama-70b ,4,0
18445,deepseek-r1-distill-llama-70b ,5,0
18445,o3-mini                          ,1,0
18417,gpt-4o                        ,1,0
18417,gpt-4o                        ,2,0
18417,gpt-4o                        ,3,1
18417,llama-3.3-70b-versatile       ,1,0
18417,llama-3.3-70b-versatile       ,2,0
18417,llama-3.3-70b-versatile       ,3,0
18417,llama-3.3-70b-versatile       ,4,0
18417,llama-3.3-70b-versatile       ,5,0
18417,deepseek-r1-distill-llama-70b ,1,0
18417,deepseek-r1-distill-llama-70b ,2,0
18417,deepseek-r1-distill-llama-70b ,3,0
18417,deepseek-r1-distill-llama-70b ,4,0
18417,deepseek-r1-distill-llama-70b ,5,0
18412,gpt-4o                        ,1,0
18412,gpt-4o                        ,2,0
18412,gpt-4o                        ,3,0
18412,gpt-4o                        ,4,0
18412,gpt-4o                        ,5,0
18412,llama-3.3-70b-versatile       ,1,0
18412,llama-3.3-70b-versatile       ,2,0
18412,llama-3.3-70b-versatile       ,3,0
18412,llama-3.3-70b-versatile       ,4,0
18412,llama-3.3-70b-versatile       ,5,0
18412,deepseek-r1-distill-llama-70b ,1,0
18412,deepseek-r1-distill-llama-70b ,2,0
18412,deepseek-r1-distill-llama-70b ,3,0
18412,deepseek-r1-distill-llama-70b ,4,0
18412,deepseek-r1-distill-llama-70b ,5,0
18412,o3-mini                          ,1,0
18369,gpt-4o                        ,1,Failed to apply patch                        
18369,gpt-4o                        ,2,Failed to apply patch                        
18369,gpt-4o                        ,3,Failed to apply patch                        
18369,gpt-4o                        ,4,0
18369,gpt-4o                        ,5,Failed to apply patch                        
18369,llama-3.3-70b-versatile       ,1,Failed to apply patch                        
18369,llama-3.3-70b-versatile       ,2,Failed to apply patch                        
18369,llama-3.3-70b-versatile       ,3,0
18369,llama-3.3-70b-versatile       ,4,Failed to apply patch                        
18369,llama-3.3-70b-versatile       ,5,Failed to apply patch                        
18369,deepseek-r1-distill-llama-70b ,1,Failed to apply patch                        
18369,deepseek-r1-distill-llama-70b ,2,Failed to apply patch                        
18369,deepseek-r1-distill-llama-70b ,3,Failed to apply patch                        
18369,deepseek-r1-distill-llama-70b ,4,Failed to apply patch                        
18369,deepseek-r1-distill-llama-70b ,5,0
18306,gpt-4o                        ,1,0
18306,gpt-4o                        ,2,0
18306,gpt-4o                        ,3,0
18306,gpt-4o                        ,4,0
18306,gpt-4o                        ,5,0
18306,llama-3.3-70b-versatile       ,1,0
18306,llama-3.3-70b-versatile       ,2,0
18306,llama-3.3-70b-versatile       ,3,0
18306,llama-3.3-70b-versatile       ,4,0
18306,llama-3.3-70b-versatile       ,5,0
18306,deepseek-r1-distill-llama-70b ,1,0
18306,deepseek-r1-distill-llama-70b ,2,0
18306,deepseek-r1-distill-llama-70b ,3,0
18306,deepseek-r1-distill-llama-70b ,4,0
18306,deepseek-r1-distill-llama-70b ,5,0
18304,gpt-4o                        ,1,1
18304,llama-3.3-70b-versatile       ,1,1
18304,deepseek-r1-distill-llama-70b ,1,1
18304,o3-mini                          ,1,1
18269,gpt-4o                        ,1,0
18269,gpt-4o                        ,2,0
18269,gpt-4o                        ,3,0
18269,gpt-4o                        ,4,0
18269,gpt-4o                        ,5,0
18269,llama-3.3-70b-versatile       ,1,0
18269,llama-3.3-70b-versatile       ,2,0
18269,llama-3.3-70b-versatile       ,3,0
18269,llama-3.3-70b-versatile       ,4,0
18269,llama-3.3-70b-versatile       ,5,0
18269,deepseek-r1-distill-llama-70b ,1,0
18269,deepseek-r1-distill-llama-70b ,2,0
18269,deepseek-r1-distill-llama-70b ,3,0
18269,deepseek-r1-distill-llama-70b ,4,0
18269,deepseek-r1-distill-llama-70b ,5,0
18269,o3-mini                          ,1,0
18253,gpt-4o                        ,1,0
18253,gpt-4o                        ,2,0
18253,gpt-4o                        ,3,0
18253,gpt-4o                        ,4,0
18253,gpt-4o                        ,5,0
18253,llama-3.3-70b-versatile       ,1,0
18253,llama-3.3-70b-versatile       ,2,0
18253,llama-3.3-70b-versatile       ,3,0
18253,llama-3.3-70b-versatile       ,4,0
18253,llama-3.3-70b-versatile       ,5,0
18253,deepseek-r1-distill-llama-70b ,1,0
18253,deepseek-r1-distill-llama-70b ,2,0
18253,deepseek-r1-distill-llama-70b ,3,0
18253,deepseek-r1-distill-llama-70b ,4,0
18253,deepseek-r1-distill-llama-70b ,5,0
18253,o3-mini                          ,1,0
18228,gpt-4o                        ,1,0
18228,gpt-4o                        ,2,0
18228,gpt-4o                        ,3,0
18228,gpt-4o                        ,4,0
18228,gpt-4o                        ,5,0
18228,llama-3.3-70b-versatile       ,1,0
18228,llama-3.3-70b-versatile       ,2,0
18228,llama-3.3-70b-versatile       ,3,0
18228,llama-3.3-70b-versatile       ,4,0
18228,llama-3.3-70b-versatile       ,5,0
18228,deepseek-r1-distill-llama-70b ,1,0
18228,deepseek-r1-distill-llama-70b ,2,0
18228,deepseek-r1-distill-llama-70b ,3,0
18228,deepseek-r1-distill-llama-70b ,4,0
18228,deepseek-r1-distill-llama-70b ,5,0
18228,o3-mini                          ,1,0
18166,gpt-4o                        ,1,0
18166,gpt-4o                        ,2,0
18166,gpt-4o                        ,3,0
18166,gpt-4o                        ,4,0
18166,gpt-4o                        ,5,0
18166,llama-3.3-70b-versatile       ,1,0
18166,llama-3.3-70b-versatile       ,2,0
18166,llama-3.3-70b-versatile       ,3,0
18166,llama-3.3-70b-versatile       ,4,0
18166,llama-3.3-70b-versatile       ,5,0
18166,deepseek-r1-distill-llama-70b ,1,0
18166,deepseek-r1-distill-llama-70b ,2,0
18166,deepseek-r1-distill-llama-70b ,3,0
18166,deepseek-r1-distill-llama-70b ,4,0
18166,deepseek-r1-distill-llama-70b ,5,0
18166,o3-mini                          ,1,0
18143,gpt-4o                        ,1,0
18143,gpt-4o                        ,2,0
18143,gpt-4o                        ,3,0
18143,gpt-4o                        ,4,0
18143,gpt-4o                        ,5,0
18143,llama-3.3-70b-versatile       ,1,0
18143,llama-3.3-70b-versatile       ,2,0
18143,llama-3.3-70b-versatile       ,3,0
18143,llama-3.3-70b-versatile       ,4,0
18143,llama-3.3-70b-versatile       ,5,0
18143,deepseek-r1-distill-llama-70b ,1,0
18143,deepseek-r1-distill-llama-70b ,2,0
18143,deepseek-r1-distill-llama-70b ,3,0
18143,deepseek-r1-distill-llama-70b ,4,0
18143,deepseek-r1-distill-llama-70b ,5,0
18143,o3-mini                          ,1,0
18125,gpt-4o                        ,1,0
18125,gpt-4o                        ,2,0
18125,gpt-4o                        ,3,0
18125,gpt-4o                        ,4,0
18125,gpt-4o                        ,5,0
18125,llama-3.3-70b-versatile       ,1,0
18125,llama-3.3-70b-versatile       ,2,0
18125,llama-3.3-70b-versatile       ,3,0
18125,llama-3.3-70b-versatile       ,4,0
18125,llama-3.3-70b-versatile       ,5,0
18125,deepseek-r1-distill-llama-70b ,1,0
18125,deepseek-r1-distill-llama-70b ,2,0
18125,deepseek-r1-distill-llama-70b ,3,0
18125,deepseek-r1-distill-llama-70b ,4,0
18125,deepseek-r1-distill-llama-70b ,5,0
18125,o3-mini                          ,1,0
18119,gpt-4o                        ,1,0
18119,gpt-4o                        ,2,0
18119,gpt-4o                        ,3,0
18119,gpt-4o                        ,4,0
18119,gpt-4o                        ,5,0
18119,llama-3.3-70b-versatile       ,1,0
18119,llama-3.3-70b-versatile       ,2,0
18119,llama-3.3-70b-versatile       ,3,0
18119,llama-3.3-70b-versatile       ,4,0
18119,llama-3.3-70b-versatile       ,5,0
18119,deepseek-r1-distill-llama-70b ,1,0
18119,deepseek-r1-distill-llama-70b ,2,0
18119,deepseek-r1-distill-llama-70b ,3,0
18119,deepseek-r1-distill-llama-70b ,4,0
18119,deepseek-r1-distill-llama-70b ,5,0
18119,o3-mini                          ,1,0
18029,gpt-4o                        ,1,0
18029,gpt-4o                        ,2,0
18029,gpt-4o                        ,3,0
18029,gpt-4o                        ,4,0
18029,gpt-4o                        ,5,0
18029,llama-3.3-70b-versatile       ,1,0
18029,llama-3.3-70b-versatile       ,2,0
18029,llama-3.3-70b-versatile       ,3,0
18029,llama-3.3-70b-versatile       ,4,0
18029,llama-3.3-70b-versatile       ,5,0
18029,deepseek-r1-distill-llama-70b ,1,0
18029,deepseek-r1-distill-llama-70b ,2,0
18029,deepseek-r1-distill-llama-70b ,3,0
18029,deepseek-r1-distill-llama-70b ,4,0
18029,deepseek-r1-distill-llama-70b ,5,0
18029,o3-mini                          ,1,0
17985,gpt-4o                        ,1,0
17985,gpt-4o                        ,2,0
17985,gpt-4o                        ,3,0
17985,gpt-4o                        ,4,0
17985,gpt-4o                        ,5,0
17985,llama-3.3-70b-versatile       ,1,0
17985,llama-3.3-70b-versatile       ,2,0
17985,llama-3.3-70b-versatile       ,3,0
17985,llama-3.3-70b-versatile       ,4,0
17985,llama-3.3-70b-versatile       ,5,0
17985,deepseek-r1-distill-llama-70b ,1,0
17985,deepseek-r1-distill-llama-70b ,2,0
17985,deepseek-r1-distill-llama-70b ,3,0
17985,deepseek-r1-distill-llama-70b ,4,0
17985,deepseek-r1-distill-llama-70b ,5,0
17956,gpt-4o                        ,1,0
17956,gpt-4o                        ,2,0
17956,gpt-4o                        ,3,0
17956,gpt-4o                        ,4,0
17956,gpt-4o                        ,5,0
17956,llama-3.3-70b-versatile       ,1,0
17956,llama-3.3-70b-versatile       ,2,0
17956,llama-3.3-70b-versatile       ,3,0
17956,llama-3.3-70b-versatile       ,4,0
17956,llama-3.3-70b-versatile       ,5,0
17956,deepseek-r1-distill-llama-70b ,1,0
17956,deepseek-r1-distill-llama-70b ,2,0
17956,deepseek-r1-distill-llama-70b ,3,0
17956,deepseek-r1-distill-llama-70b ,4,0
17956,deepseek-r1-distill-llama-70b ,5,0
17946,gpt-4o                        ,1,0
17946,gpt-4o                        ,2,0
17946,gpt-4o                        ,3,0
17946,gpt-4o                        ,4,0
17946,gpt-4o                        ,5,0
17946,llama-3.3-70b-versatile       ,1,0
17946,llama-3.3-70b-versatile       ,2,0
17946,llama-3.3-70b-versatile       ,3,0
17946,llama-3.3-70b-versatile       ,4,0
17946,llama-3.3-70b-versatile       ,5,0
17946,deepseek-r1-distill-llama-70b ,1,0
17946,deepseek-r1-distill-llama-70b ,2,0
17946,deepseek-r1-distill-llama-70b ,3,0
17946,deepseek-r1-distill-llama-70b ,4,0
17946,deepseek-r1-distill-llama-70b ,5,0
17875,gpt-4o                        ,1,Failed to apply patch                        
17875,gpt-4o                        ,2,Failed to apply patch                        
17875,gpt-4o                        ,3,Failed to apply patch                        
17875,gpt-4o                        ,4,Failed to apply patch                        
17875,gpt-4o                        ,5,Failed to apply patch                        
17875,llama-3.3-70b-versatile       ,1,Failed to apply patch                        
17875,llama-3.3-70b-versatile       ,2,Failed to apply patch                        
17875,llama-3.3-70b-versatile       ,3,Failed to apply patch                        
17875,llama-3.3-70b-versatile       ,4,Failed to apply patch                        
17875,llama-3.3-70b-versatile       ,5,Failed to apply patch                        
17875,deepseek-r1-distill-llama-70b ,1,Failed to apply patch                        
17875,deepseek-r1-distill-llama-70b ,2,Failed to apply patch                        
17875,deepseek-r1-distill-llama-70b ,3,Failed to apply patch                        
17875,deepseek-r1-distill-llama-70b ,4,Failed to apply patch                        
17875,deepseek-r1-distill-llama-70b ,5,Failed to apply patch                        
17875,o3-mini                          ,1,Failed to apply patch                        
17868,gpt-4o                        ,1,0
17868,gpt-4o                        ,2,0
17868,gpt-4o                        ,3,0
17868,gpt-4o                        ,4,0
17868,gpt-4o                        ,5,0
17868,llama-3.3-70b-versatile       ,1,0
17868,llama-3.3-70b-versatile       ,2,0
17868,llama-3.3-70b-versatile       ,3,0
17868,llama-3.3-70b-versatile       ,4,0
17868,llama-3.3-70b-versatile       ,5,0
17868,deepseek-r1-distill-llama-70b ,1,0
17868,deepseek-r1-distill-llama-70b ,2,0
17868,deepseek-r1-distill-llama-70b ,3,0
17868,deepseek-r1-distill-llama-70b ,4,0
17868,deepseek-r1-distill-llama-70b ,5,0
17868,o3-mini                          ,1,0
17858,gpt-4o                        ,1,1
17858,llama-3.3-70b-versatile       ,1,1
17858,deepseek-r1-distill-llama-70b ,1,1
17858,o3-mini                          ,1,1
17825,gpt-4o                        ,1,0
17825,gpt-4o                        ,2,0
17825,gpt-4o                        ,3,0
17825,gpt-4o                        ,4,0
17825,gpt-4o                        ,5,0
17825,llama-3.3-70b-versatile       ,1,0
17825,llama-3.3-70b-versatile       ,2,0
17825,llama-3.3-70b-versatile       ,3,0
17825,llama-3.3-70b-versatile       ,4,0
17825,llama-3.3-70b-versatile       ,5,0
17825,deepseek-r1-distill-llama-70b ,1,0
17825,deepseek-r1-distill-llama-70b ,2,0
17825,deepseek-r1-distill-llama-70b ,3,0
17825,deepseek-r1-distill-llama-70b ,4,0
17825,deepseek-r1-distill-llama-70b ,5,0
17825,o3-mini                          ,1,0
17795,gpt-4o                        ,1,0
17795,gpt-4o                        ,2,0
17795,gpt-4o                        ,3,0
17795,gpt-4o                        ,4,0
17795,gpt-4o                        ,5,0
17795,llama-3.3-70b-versatile       ,1,0
17795,llama-3.3-70b-versatile       ,2,0
17795,llama-3.3-70b-versatile       ,3,0
17795,llama-3.3-70b-versatile       ,4,0
17795,llama-3.3-70b-versatile       ,5,0
17795,deepseek-r1-distill-llama-70b ,1,0
17795,deepseek-r1-distill-llama-70b ,2,0
17795,deepseek-r1-distill-llama-70b ,3,0
17795,deepseek-r1-distill-llama-70b ,4,0
17795,deepseek-r1-distill-llama-70b ,5,0
17788,gpt-4o                        ,1,0
17788,gpt-4o                        ,2,0
17788,gpt-4o                        ,3,0
17788,gpt-4o                        ,4,0
17788,gpt-4o                        ,5,0
17788,llama-3.3-70b-versatile       ,1,0
17788,llama-3.3-70b-versatile       ,2,0
17788,llama-3.3-70b-versatile       ,3,0
17788,llama-3.3-70b-versatile       ,4,0
17788,llama-3.3-70b-versatile       ,5,0
17788,deepseek-r1-distill-llama-70b ,1,0
17788,deepseek-r1-distill-llama-70b ,2,0
17788,deepseek-r1-distill-llama-70b ,3,0
17788,deepseek-r1-distill-llama-70b ,4,0
17788,deepseek-r1-distill-llama-70b ,5,0
17768,gpt-4o                        ,1,0
17768,gpt-4o                        ,2,0
17768,gpt-4o                        ,3,0
17768,gpt-4o                        ,4,0
17768,gpt-4o                        ,5,0
17768,llama-3.3-70b-versatile       ,1,0
17768,llama-3.3-70b-versatile       ,2,0
17768,llama-3.3-70b-versatile       ,3,0
17768,llama-3.3-70b-versatile       ,4,0
17768,llama-3.3-70b-versatile       ,5,0
17768,deepseek-r1-distill-llama-70b ,1,0
17768,deepseek-r1-distill-llama-70b ,2,0
17768,deepseek-r1-distill-llama-70b ,3,0
17768,deepseek-r1-distill-llama-70b ,4,0
17768,deepseek-r1-distill-llama-70b ,5,0
17768,o3-mini                          ,1,0
17738,gpt-4o                        ,1,0
17738,gpt-4o                        ,2,0
17738,gpt-4o                        ,3,0
17738,gpt-4o                        ,4,0
17738,gpt-4o                        ,5,0
17738,llama-3.3-70b-versatile       ,1,0
17738,llama-3.3-70b-versatile       ,2,0
17738,llama-3.3-70b-versatile       ,3,0
17738,llama-3.3-70b-versatile       ,4,0
17738,llama-3.3-70b-versatile       ,5,0
17738,deepseek-r1-distill-llama-70b ,1,0
17738,deepseek-r1-distill-llama-70b ,2,0
17738,deepseek-r1-distill-llama-70b ,3,0
17738,deepseek-r1-distill-llama-70b ,4,0
17738,deepseek-r1-distill-llama-70b ,5,0
17738,o3-mini                          ,1,0
17690,gpt-4o                        ,1,0
17690,gpt-4o                        ,2,0
17690,gpt-4o                        ,3,0
17690,gpt-4o                        ,4,0
17690,gpt-4o                        ,5,0
17690,llama-3.3-70b-versatile       ,1,0
17690,llama-3.3-70b-versatile       ,2,0
17690,llama-3.3-70b-versatile       ,3,0
17690,llama-3.3-70b-versatile       ,4,0
17690,llama-3.3-70b-versatile       ,5,0
17690,deepseek-r1-distill-llama-70b ,1,0
17690,deepseek-r1-distill-llama-70b ,2,0
17690,deepseek-r1-distill-llama-70b ,3,0
17690,deepseek-r1-distill-llama-70b ,4,0
17690,deepseek-r1-distill-llama-70b ,5,0
17690,o3-mini                          ,1,0
17680,gpt-4o                        ,1,1
17680,llama-3.3-70b-versatile       ,1,1
17680,deepseek-r1-distill-llama-70b ,1,1
17680,o3-mini                          ,1,1
17674,gpt-4o                        ,1,0
17674,gpt-4o                        ,2,0
17674,gpt-4o                        ,3,0
17674,gpt-4o                        ,4,0
17674,gpt-4o                        ,5,0
17674,llama-3.3-70b-versatile       ,1,0
17674,llama-3.3-70b-versatile       ,2,0
17674,llama-3.3-70b-versatile       ,3,0
17674,llama-3.3-70b-versatile       ,4,0
17674,llama-3.3-70b-versatile       ,5,0
17674,deepseek-r1-distill-llama-70b ,1,0
17674,deepseek-r1-distill-llama-70b ,2,0
17674,deepseek-r1-distill-llama-70b ,3,0
17674,deepseek-r1-distill-llama-70b ,4,0
17674,deepseek-r1-distill-llama-70b ,5,0
17674,o3-mini                          ,1,0
17664,gpt-4o                        ,1,0
17664,gpt-4o                        ,2,0
17664,gpt-4o                        ,3,0
17664,gpt-4o                        ,4,0
17664,gpt-4o                        ,5,0
17664,llama-3.3-70b-versatile       ,1,0
17664,llama-3.3-70b-versatile       ,2,0
17664,llama-3.3-70b-versatile       ,3,0
17664,llama-3.3-70b-versatile       ,4,0
17664,llama-3.3-70b-versatile       ,5,0
17664,deepseek-r1-distill-llama-70b ,1,0
17664,deepseek-r1-distill-llama-70b ,2,0
17664,deepseek-r1-distill-llama-70b ,3,0
17664,deepseek-r1-distill-llama-70b ,4,0
17664,deepseek-r1-distill-llama-70b ,5,0
17643,gpt-4o                        ,1,0
17643,gpt-4o                        ,2,0
17643,gpt-4o                        ,3,0
17643,gpt-4o                        ,4,0
17643,gpt-4o                        ,5,0
17643,llama-3.3-70b-versatile       ,1,0
17643,llama-3.3-70b-versatile       ,2,0
17643,llama-3.3-70b-versatile       ,3,0
17643,llama-3.3-70b-versatile       ,4,0
17643,llama-3.3-70b-versatile       ,5,0
17643,deepseek-r1-distill-llama-70b ,1,0
17643,deepseek-r1-distill-llama-70b ,2,0
17643,deepseek-r1-distill-llama-70b ,3,0
17643,deepseek-r1-distill-llama-70b ,4,0
17643,deepseek-r1-distill-llama-70b ,5,0
17643,o3-mini                          ,1,0
17639,gpt-4o                        ,1,0
17639,gpt-4o                        ,2,0
17639,gpt-4o                        ,3,0
17639,gpt-4o                        ,4,0
17639,gpt-4o                        ,5,0
17639,llama-3.3-70b-versatile       ,1,0
17639,llama-3.3-70b-versatile       ,2,0
17639,llama-3.3-70b-versatile       ,3,0
17639,llama-3.3-70b-versatile       ,4,0
17639,llama-3.3-70b-versatile       ,5,0
17639,deepseek-r1-distill-llama-70b ,1,0
17639,deepseek-r1-distill-llama-70b ,2,0
17639,deepseek-r1-distill-llama-70b ,3,0
17639,deepseek-r1-distill-llama-70b ,4,0
17639,deepseek-r1-distill-llama-70b ,5,0
17639,o3-mini                          ,1,0
17608,gpt-4o                        ,1,Failed to apply patch                        
17608,gpt-4o                        ,2,Failed to apply patch                        
17608,gpt-4o                        ,3,Failed to apply patch                        
17608,gpt-4o                        ,4,Failed to apply patch                        
17608,gpt-4o                        ,5,Failed to apply patch                        
17608,llama-3.3-70b-versatile       ,1,Failed to apply patch                        
17608,llama-3.3-70b-versatile       ,2,Failed to apply patch                        
17608,llama-3.3-70b-versatile       ,3,Failed to apply patch                        
17608,llama-3.3-70b-versatile       ,4,Failed to apply patch                        
17608,llama-3.3-70b-versatile       ,5,Failed to apply patch                        
17608,deepseek-r1-distill-llama-70b ,1,Failed to apply patch                        
17608,deepseek-r1-distill-llama-70b ,2,Failed to apply patch                        
17608,deepseek-r1-distill-llama-70b ,3,Failed to apply patch                        
17608,deepseek-r1-distill-llama-70b ,4,Failed to apply patch                        
17608,deepseek-r1-distill-llama-70b ,5,Failed to apply patch                        
17608,o3-mini                          ,1,Failed to apply patch                        
17581,gpt-4o                        ,1,0
17581,gpt-4o                        ,2,0
17581,gpt-4o                        ,3,0
17581,gpt-4o                        ,4,0
17581,gpt-4o                        ,5,0
17581,llama-3.3-70b-versatile       ,1,0
17581,llama-3.3-70b-versatile       ,2,0
17581,llama-3.3-70b-versatile       ,3,0
17581,llama-3.3-70b-versatile       ,4,0
17581,llama-3.3-70b-versatile       ,5,0
17581,deepseek-r1-distill-llama-70b ,1,0
17581,deepseek-r1-distill-llama-70b ,2,0
17581,deepseek-r1-distill-llama-70b ,3,0
17581,deepseek-r1-distill-llama-70b ,4,0
17581,deepseek-r1-distill-llama-70b ,5,0
17581,o3-mini                          ,1,0
17558,gpt-4o                        ,1,0
17558,gpt-4o                        ,2,Failed to apply patch                        
17558,gpt-4o                        ,3,Failed to apply patch                        
17558,gpt-4o                        ,4,Failed to apply patch                        
17558,gpt-4o                        ,5,0
17558,llama-3.3-70b-versatile       ,1,Failed to apply patch                        
17558,llama-3.3-70b-versatile       ,2,Failed to apply patch                        
17558,llama-3.3-70b-versatile       ,3,Failed to apply patch                        
17558,llama-3.3-70b-versatile       ,4,Failed to apply patch                        
17558,llama-3.3-70b-versatile       ,5,Failed to apply patch                        
17558,deepseek-r1-distill-llama-70b ,1,Failed to apply patch                        
17558,deepseek-r1-distill-llama-70b ,2,Failed to apply patch                        
17558,deepseek-r1-distill-llama-70b ,3,Failed to apply patch                        
17558,deepseek-r1-distill-llama-70b ,4,Failed to apply patch                        
17558,deepseek-r1-distill-llama-70b ,5,Failed to apply patch                        
17556,gpt-4o                        ,1,0
17556,gpt-4o                        ,2,0
17556,gpt-4o                        ,3,0
17556,gpt-4o                        ,4,1
17556,llama-3.3-70b-versatile       ,1,0
17556,llama-3.3-70b-versatile       ,2,0
17556,llama-3.3-70b-versatile       ,3,0
17556,llama-3.3-70b-versatile       ,4,0
17556,llama-3.3-70b-versatile       ,5,0
17556,deepseek-r1-distill-llama-70b ,1,0
17556,deepseek-r1-distill-llama-70b ,2,0
17556,deepseek-r1-distill-llama-70b ,3,0
17556,deepseek-r1-distill-llama-70b ,4,0
17556,deepseek-r1-distill-llama-70b ,5,0
17514,gpt-4o                        ,1,0
17514,gpt-4o                        ,2,0
17514,gpt-4o                        ,3,0
17514,gpt-4o                        ,4,0
17514,gpt-4o                        ,5,0
17514,llama-3.3-70b-versatile       ,1,0
17514,llama-3.3-70b-versatile       ,2,0
17514,llama-3.3-70b-versatile       ,3,0
17514,llama-3.3-70b-versatile       ,4,0
17514,llama-3.3-70b-versatile       ,5,0
17514,deepseek-r1-distill-llama-70b ,1,0
17514,deepseek-r1-distill-llama-70b ,2,0
17514,deepseek-r1-distill-llama-70b ,3,0
17514,deepseek-r1-distill-llama-70b ,4,0
17514,deepseek-r1-distill-llama-70b ,5,0
17514,o3-mini                          ,1,0
17506,gpt-4o                        ,1,Failed to apply patch                        
17506,gpt-4o                        ,2,Failed to apply patch                        
17506,gpt-4o                        ,3,Failed to apply patch                        
17506,gpt-4o                        ,4,Failed to apply patch                        
17506,gpt-4o                        ,5,Failed to apply patch                        
17506,llama-3.3-70b-versatile       ,1,Failed to apply patch                        
17506,llama-3.3-70b-versatile       ,2,Failed to apply patch                        
17506,llama-3.3-70b-versatile       ,3,Failed to apply patch                        
17506,llama-3.3-70b-versatile       ,4,Failed to apply patch                        
17506,llama-3.3-70b-versatile       ,5,Failed to apply patch                        
17506,deepseek-r1-distill-llama-70b ,1,Failed to apply patch                        
17506,deepseek-r1-distill-llama-70b ,2,Failed to apply patch                        
17506,deepseek-r1-distill-llama-70b ,3,Failed to apply patch                        
17506,deepseek-r1-distill-llama-70b ,4,Failed to apply patch                        
17506,deepseek-r1-distill-llama-70b ,5,Failed to apply patch                        
17475,gpt-4o                        ,1,0
17475,gpt-4o                        ,2,0
17475,gpt-4o                        ,3,0
17475,gpt-4o                        ,4,0
17475,gpt-4o                        ,5,0
17475,llama-3.3-70b-versatile       ,1,0
17475,llama-3.3-70b-versatile       ,2,0
17475,llama-3.3-70b-versatile       ,3,0
17475,llama-3.3-70b-versatile       ,4,0
17475,llama-3.3-70b-versatile       ,5,0
17475,deepseek-r1-distill-llama-70b ,1,0
17475,deepseek-r1-distill-llama-70b ,2,0
17475,deepseek-r1-distill-llama-70b ,3,0
17475,deepseek-r1-distill-llama-70b ,4,0
17475,deepseek-r1-distill-llama-70b ,5,0
17403,gpt-4o                        ,1,0
17403,gpt-4o                        ,2,0
17403,gpt-4o                        ,3,0
17403,gpt-4o                        ,4,0
17403,gpt-4o                        ,5,0
17403,llama-3.3-70b-versatile       ,1,0
17403,llama-3.3-70b-versatile       ,2,0
17403,llama-3.3-70b-versatile       ,3,0
17403,llama-3.3-70b-versatile       ,4,0
17403,llama-3.3-70b-versatile       ,5,0
17403,deepseek-r1-distill-llama-70b ,1,0
17403,deepseek-r1-distill-llama-70b ,2,0
17403,deepseek-r1-distill-llama-70b ,3,0
17403,deepseek-r1-distill-llama-70b ,4,0
17403,deepseek-r1-distill-llama-70b ,5,0
17303,gpt-4o                        ,1,0
17303,gpt-4o                        ,2,0
17303,gpt-4o                        ,3,1
17303,llama-3.3-70b-versatile       ,1,0
17303,llama-3.3-70b-versatile       ,2,0
17303,llama-3.3-70b-versatile       ,3,0
17303,llama-3.3-70b-versatile       ,4,0
17303,llama-3.3-70b-versatile       ,5,0
17303,deepseek-r1-distill-llama-70b ,1,0
17303,deepseek-r1-distill-llama-70b ,2,0
17303,deepseek-r1-distill-llama-70b ,3,0
17303,deepseek-r1-distill-llama-70b ,4,0
17303,deepseek-r1-distill-llama-70b ,5,0
17265,gpt-4o                        ,1,0
17265,gpt-4o                        ,2,0
17265,gpt-4o                        ,3,0
17265,gpt-4o                        ,4,0
17265,gpt-4o                        ,5,0
17265,llama-3.3-70b-versatile       ,1,0
17265,llama-3.3-70b-versatile       ,2,0
17265,llama-3.3-70b-versatile       ,3,0
17265,llama-3.3-70b-versatile       ,4,1
17265,deepseek-r1-distill-llama-70b ,1,0
17265,deepseek-r1-distill-llama-70b ,2,0
17265,deepseek-r1-distill-llama-70b ,3,0
17265,deepseek-r1-distill-llama-70b ,4,1
17159,gpt-4o                        ,1,0
17159,gpt-4o                        ,2,0
17159,gpt-4o                        ,3,0
17159,gpt-4o                        ,4,0
17159,gpt-4o                        ,5,0
17159,llama-3.3-70b-versatile       ,1,0
17159,llama-3.3-70b-versatile       ,2,0
17159,llama-3.3-70b-versatile       ,3,0
17159,llama-3.3-70b-versatile       ,4,Failed to apply patch                        
17159,llama-3.3-70b-versatile       ,5,0
17159,deepseek-r1-distill-llama-70b ,1,0
17159,deepseek-r1-distill-llama-70b ,2,0
17159,deepseek-r1-distill-llama-70b ,3,0
17159,deepseek-r1-distill-llama-70b ,4,0
17159,deepseek-r1-distill-llama-70b ,5,0
17153,gpt-4o                        ,1,1
17153,llama-3.3-70b-versatile       ,1,0
17153,llama-3.3-70b-versatile       ,2,1
17153,deepseek-r1-distill-llama-70b ,1,0
17153,deepseek-r1-distill-llama-70b ,2,0
17153,deepseek-r1-distill-llama-70b ,3,1
17120,gpt-4o                        ,1,0
17120,gpt-4o                        ,2,0
17120,gpt-4o                        ,3,0
17120,gpt-4o                        ,4,0
17120,gpt-4o                        ,5,0
17120,llama-3.3-70b-versatile       ,1,0
17120,llama-3.3-70b-versatile       ,2,0
17120,llama-3.3-70b-versatile       ,3,0
17120,llama-3.3-70b-versatile       ,4,0
17120,llama-3.3-70b-versatile       ,5,0
17120,deepseek-r1-distill-llama-70b ,1,0
17120,deepseek-r1-distill-llama-70b ,2,0
17120,deepseek-r1-distill-llama-70b ,3,0
17120,deepseek-r1-distill-llama-70b ,4,0
17120,deepseek-r1-distill-llama-70b ,5,0
17106,gpt-4o                        ,1,0
17106,gpt-4o                        ,2,0
17106,gpt-4o                        ,3,0
17106,gpt-4o                        ,4,0
17106,gpt-4o                        ,5,0
17106,llama-3.3-70b-versatile       ,1,0
17106,llama-3.3-70b-versatile       ,2,0
17106,llama-3.3-70b-versatile       ,3,0
17106,llama-3.3-70b-versatile       ,4,0
17106,llama-3.3-70b-versatile       ,5,0
17106,deepseek-r1-distill-llama-70b ,1,0
17106,deepseek-r1-distill-llama-70b ,2,0
17106,deepseek-r1-distill-llama-70b ,3,0
17106,deepseek-r1-distill-llama-70b ,4,0
17106,deepseek-r1-distill-llama-70b ,5,0
17070,gpt-4o                        ,1,0
17070,gpt-4o                        ,2,0
17070,gpt-4o                        ,3,0
17070,gpt-4o                        ,4,0
17070,gpt-4o                        ,5,0
17070,llama-3.3-70b-versatile       ,1,0
17070,llama-3.3-70b-versatile       ,2,0
17070,llama-3.3-70b-versatile       ,3,0
17070,llama-3.3-70b-versatile       ,4,0
17070,llama-3.3-70b-versatile       ,5,0
17070,deepseek-r1-distill-llama-70b ,1,0
17070,deepseek-r1-distill-llama-70b ,2,0
17070,deepseek-r1-distill-llama-70b ,3,0
17070,deepseek-r1-distill-llama-70b ,4,0
17070,deepseek-r1-distill-llama-70b ,5,0
17067,gpt-4o                        ,1,0
17067,gpt-4o                        ,2,0
17067,gpt-4o                        ,3,0
17067,gpt-4o                        ,4,0
17067,gpt-4o                        ,5,0
17067,llama-3.3-70b-versatile       ,1,0
17067,llama-3.3-70b-versatile       ,2,0
17067,llama-3.3-70b-versatile       ,3,0
17067,llama-3.3-70b-versatile       ,4,0
17067,llama-3.3-70b-versatile       ,5,0
17067,deepseek-r1-distill-llama-70b ,1,0
17067,deepseek-r1-distill-llama-70b ,2,0
17067,deepseek-r1-distill-llama-70b ,3,0
17067,deepseek-r1-distill-llama-70b ,4,0
17067,deepseek-r1-distill-llama-70b ,5,0
17066,gpt-4o                        ,1,0
17066,gpt-4o                        ,2,0
17066,gpt-4o                        ,3,0
17066,gpt-4o                        ,4,0
17066,gpt-4o                        ,5,0
17066,llama-3.3-70b-versatile       ,1,0
17066,llama-3.3-70b-versatile       ,2,0
17066,llama-3.3-70b-versatile       ,3,0
17066,llama-3.3-70b-versatile       ,4,0
17066,llama-3.3-70b-versatile       ,5,0
17066,deepseek-r1-distill-llama-70b ,1,0
17066,deepseek-r1-distill-llama-70b ,2,0
17066,deepseek-r1-distill-llama-70b ,3,0
17066,deepseek-r1-distill-llama-70b ,4,0
17066,deepseek-r1-distill-llama-70b ,5,0
17031,gpt-4o                        ,1,0
17031,gpt-4o                        ,2,0
17031,gpt-4o                        ,3,0
17031,gpt-4o                        ,4,0
17031,gpt-4o                        ,5,0
17031,llama-3.3-70b-versatile       ,1,0
17031,llama-3.3-70b-versatile       ,2,0
17031,llama-3.3-70b-versatile       ,3,0
17031,llama-3.3-70b-versatile       ,4,0
17031,llama-3.3-70b-versatile       ,5,0
17031,deepseek-r1-distill-llama-70b ,1,0
17031,deepseek-r1-distill-llama-70b ,2,0
17031,deepseek-r1-distill-llama-70b ,3,0
17031,deepseek-r1-distill-llama-70b ,4,0
17031,deepseek-r1-distill-llama-70b ,5,0
17003,gpt-4o                        ,1,0
17003,gpt-4o                        ,2,0
17003,gpt-4o                        ,3,0
17003,gpt-4o                        ,4,0
17003,gpt-4o                        ,5,0
17003,llama-3.3-70b-versatile       ,1,0
17003,llama-3.3-70b-versatile       ,2,0
17003,llama-3.3-70b-versatile       ,3,0
17003,llama-3.3-70b-versatile       ,4,0
17003,llama-3.3-70b-versatile       ,5,0
17003,deepseek-r1-distill-llama-70b ,1,0
17003,deepseek-r1-distill-llama-70b ,2,0
17003,deepseek-r1-distill-llama-70b ,3,0
17003,deepseek-r1-distill-llama-70b ,4,0
17003,deepseek-r1-distill-llama-70b ,5,0
16943,gpt-4o                        ,1,0
16943,gpt-4o                        ,2,0
16943,gpt-4o                        ,3,0
16943,gpt-4o                        ,4,0
16943,gpt-4o                        ,5,0
16943,llama-3.3-70b-versatile       ,1,0
16943,llama-3.3-70b-versatile       ,2,0
16943,llama-3.3-70b-versatile       ,3,0
16943,llama-3.3-70b-versatile       ,4,0
16943,llama-3.3-70b-versatile       ,5,0
16943,deepseek-r1-distill-llama-70b ,1,0
16943,deepseek-r1-distill-llama-70b ,2,0
16943,deepseek-r1-distill-llama-70b ,3,0
16943,deepseek-r1-distill-llama-70b ,4,0
16943,deepseek-r1-distill-llama-70b ,5,0
16899,gpt-4o                        ,1,0
16899,gpt-4o                        ,2,0
16899,gpt-4o                        ,3,0
16899,gpt-4o                        ,4,0
16899,gpt-4o                        ,5,0
16899,llama-3.3-70b-versatile       ,1,0
16899,llama-3.3-70b-versatile       ,2,0
16899,llama-3.3-70b-versatile       ,3,0
16899,llama-3.3-70b-versatile       ,4,0
16899,llama-3.3-70b-versatile       ,5,0
16899,deepseek-r1-distill-llama-70b ,1,0
16899,deepseek-r1-distill-llama-70b ,2,0
16899,deepseek-r1-distill-llama-70b ,3,0
16899,deepseek-r1-distill-llama-70b ,4,0
16899,deepseek-r1-distill-llama-70b ,5,0
16828,gpt-4o                        ,1,0
16828,gpt-4o                        ,2,0
16828,gpt-4o                        ,3,0
16828,gpt-4o                        ,4,0
16828,gpt-4o                        ,5,0
16828,llama-3.3-70b-versatile       ,1,0
16828,llama-3.3-70b-versatile       ,2,0
16828,llama-3.3-70b-versatile       ,3,0
16828,llama-3.3-70b-versatile       ,4,0
16828,llama-3.3-70b-versatile       ,5,0
16828,deepseek-r1-distill-llama-70b ,1,0
16828,deepseek-r1-distill-llama-70b ,2,0
16828,deepseek-r1-distill-llama-70b ,3,0
16828,deepseek-r1-distill-llama-70b ,4,0
16828,deepseek-r1-distill-llama-70b ,5,0
16804,gpt-4o                        ,1,0
16804,gpt-4o                        ,2,0
16804,gpt-4o                        ,3,0
16804,gpt-4o                        ,4,0
16804,gpt-4o                        ,5,0
16804,llama-3.3-70b-versatile       ,1,0
16804,llama-3.3-70b-versatile       ,2,0
16804,llama-3.3-70b-versatile       ,3,0
16804,llama-3.3-70b-versatile       ,4,0
16804,llama-3.3-70b-versatile       ,5,0
16804,deepseek-r1-distill-llama-70b ,1,0
16804,deepseek-r1-distill-llama-70b ,2,0
16804,deepseek-r1-distill-llama-70b ,3,0
16804,deepseek-r1-distill-llama-70b ,4,0
16804,deepseek-r1-distill-llama-70b ,5,0
16784,gpt-4o                        ,1,0
16784,gpt-4o                        ,2,0
16784,gpt-4o                        ,3,0
16784,gpt-4o                        ,4,0
16784,gpt-4o                        ,5,0
16784,llama-3.3-70b-versatile       ,1,0
16784,llama-3.3-70b-versatile       ,2,0
16784,llama-3.3-70b-versatile       ,3,0
16784,llama-3.3-70b-versatile       ,4,0
16784,llama-3.3-70b-versatile       ,5,0
16784,deepseek-r1-distill-llama-70b ,1,0
16784,deepseek-r1-distill-llama-70b ,2,0
16784,deepseek-r1-distill-llama-70b ,3,0
16784,deepseek-r1-distill-llama-70b ,4,0
16784,deepseek-r1-distill-llama-70b ,5,0
16780,gpt-4o                        ,1,0
16780,gpt-4o                        ,2,0
16780,gpt-4o                        ,3,0
16780,gpt-4o                        ,4,0
16780,gpt-4o                        ,5,0
16780,llama-3.3-70b-versatile       ,1,0
16780,llama-3.3-70b-versatile       ,2,0
16780,llama-3.3-70b-versatile       ,3,0
16780,llama-3.3-70b-versatile       ,4,0
16780,llama-3.3-70b-versatile       ,5,0
16780,deepseek-r1-distill-llama-70b ,1,0
16780,deepseek-r1-distill-llama-70b ,2,0
16780,deepseek-r1-distill-llama-70b ,3,0
16780,deepseek-r1-distill-llama-70b ,4,0
16780,deepseek-r1-distill-llama-70b ,5,0
16773,gpt-4o                        ,1,0
16773,gpt-4o                        ,2,0
16773,gpt-4o                        ,3,0
16773,gpt-4o                        ,4,0
16773,gpt-4o                        ,5,0
16773,llama-3.3-70b-versatile       ,1,0
16773,llama-3.3-70b-versatile       ,2,0
16773,llama-3.3-70b-versatile       ,3,0
16773,llama-3.3-70b-versatile       ,4,0
16773,llama-3.3-70b-versatile       ,5,0
16773,deepseek-r1-distill-llama-70b ,1,0
16773,deepseek-r1-distill-llama-70b ,2,Failed to query model                        
16773,deepseek-r1-distill-llama-70b ,3,0
16773,deepseek-r1-distill-llama-70b ,4,0
16773,deepseek-r1-distill-llama-70b ,5,0
16760,gpt-4o                        ,1,1
16760,llama-3.3-70b-versatile       ,1,0
16760,llama-3.3-70b-versatile       ,2,0
16760,llama-3.3-70b-versatile       ,3,1
16760,deepseek-r1-distill-llama-70b ,1,0
16760,deepseek-r1-distill-llama-70b ,2,0
16760,deepseek-r1-distill-llama-70b ,3,0
16760,deepseek-r1-distill-llama-70b ,4,0
16760,deepseek-r1-distill-llama-70b ,5,0
16732,gpt-4o                        ,1,0
16732,gpt-4o                        ,2,0
16732,gpt-4o                        ,3,0
16732,gpt-4o                        ,4,0
16732,gpt-4o                        ,5,0
16732,llama-3.3-70b-versatile       ,1,0
16732,llama-3.3-70b-versatile       ,2,0
16732,llama-3.3-70b-versatile       ,3,0
16732,llama-3.3-70b-versatile       ,4,0
16732,llama-3.3-70b-versatile       ,5,0
16732,deepseek-r1-distill-llama-70b ,1,0
16732,deepseek-r1-distill-llama-70b ,2,0
16732,deepseek-r1-distill-llama-70b ,3,0
16732,deepseek-r1-distill-llama-70b ,4,0
16732,deepseek-r1-distill-llama-70b ,5,0
16722,gpt-4o                        ,1,0
16722,gpt-4o                        ,2,0
16722,gpt-4o                        ,3,0
16722,gpt-4o                        ,4,0
16722,gpt-4o                        ,5,0
16722,llama-3.3-70b-versatile       ,1,0
16722,llama-3.3-70b-versatile       ,2,0
16722,llama-3.3-70b-versatile       ,3,0
16722,llama-3.3-70b-versatile       ,4,0
16722,llama-3.3-70b-versatile       ,5,0
16722,deepseek-r1-distill-llama-70b ,1,0
16722,deepseek-r1-distill-llama-70b ,2,0
16722,deepseek-r1-distill-llama-70b ,3,0
16722,deepseek-r1-distill-llama-70b ,4,0
16722,deepseek-r1-distill-llama-70b ,5,0
16719,gpt-4o                        ,1,0
16719,gpt-4o                        ,2,0
16719,gpt-4o                        ,3,0
16719,gpt-4o                        ,4,0
16719,gpt-4o                        ,5,0
16719,llama-3.3-70b-versatile       ,1,0
16719,llama-3.3-70b-versatile       ,2,0
16719,llama-3.3-70b-versatile       ,3,0
16719,llama-3.3-70b-versatile       ,4,0
16719,llama-3.3-70b-versatile       ,5,0
16719,deepseek-r1-distill-llama-70b ,1,0
16719,deepseek-r1-distill-llama-70b ,2,0
16719,deepseek-r1-distill-llama-70b ,3,0
16719,deepseek-r1-distill-llama-70b ,4,0
16719,deepseek-r1-distill-llama-70b ,5,0
16718,gpt-4o                        ,1,0
16718,gpt-4o                        ,2,0
16718,gpt-4o                        ,3,0
16718,gpt-4o                        ,4,0
16718,gpt-4o                        ,5,0
16718,llama-3.3-70b-versatile       ,1,0
16718,llama-3.3-70b-versatile       ,2,0
16718,llama-3.3-70b-versatile       ,3,0
16718,llama-3.3-70b-versatile       ,4,0
16718,llama-3.3-70b-versatile       ,5,0
16718,deepseek-r1-distill-llama-70b ,1,0
16718,deepseek-r1-distill-llama-70b ,2,0
16718,deepseek-r1-distill-llama-70b ,3,0
16718,deepseek-r1-distill-llama-70b ,4,0
16718,deepseek-r1-distill-llama-70b ,5,0
16709,gpt-4o                        ,1,0
16709,gpt-4o                        ,2,0
16709,gpt-4o                        ,3,0
16709,gpt-4o                        ,4,0
16709,gpt-4o                        ,5,0
16709,llama-3.3-70b-versatile       ,1,0
16709,llama-3.3-70b-versatile       ,2,0
16709,llama-3.3-70b-versatile       ,3,0
16709,llama-3.3-70b-versatile       ,4,0
16709,llama-3.3-70b-versatile       ,5,0
16709,deepseek-r1-distill-llama-70b ,1,0
16709,deepseek-r1-distill-llama-70b ,2,0
16709,deepseek-r1-distill-llama-70b ,3,0
16709,deepseek-r1-distill-llama-70b ,4,0
16709,deepseek-r1-distill-llama-70b ,5,0
16686,gpt-4o                        ,1,0
16686,gpt-4o                        ,2,0
16686,gpt-4o                        ,3,0
16686,gpt-4o                        ,4,0
16686,gpt-4o                        ,5,0
16686,llama-3.3-70b-versatile       ,1,0
16686,llama-3.3-70b-versatile       ,2,0
16686,llama-3.3-70b-versatile       ,3,0
16686,llama-3.3-70b-versatile       ,4,0
16686,llama-3.3-70b-versatile       ,5,0
16686,deepseek-r1-distill-llama-70b ,1,0
16686,deepseek-r1-distill-llama-70b ,2,0
16686,deepseek-r1-distill-llama-70b ,3,0
16686,deepseek-r1-distill-llama-70b ,4,0
16686,deepseek-r1-distill-llama-70b ,5,0
